{
  "country-flags": {
    "name": "Country Flags & IP WHOIS"
  },
  "work-offline": {
    "name": "Work Offline"
  },
  "media-player": {
    "name": "YouTube Media Player"
  },
  "tab-discard": {
    "name": "Auto Tab Discard"
  },
  "two-factor-authenticator": {
    "name": "Open Two-Factor Authenticator"
  },
  "useragent-switcher": {
    "name": "User-Agent Switcher and Manager"
  },
  "block-site": {
    "name": "Block Site"
  },
  "chrome-reader-view": {
    "name": "Reader View"
  },
  "convert-to": {
    "name": "Convert to PDF"
  },
  "dark-theme": {
    "name": "Dark Theme"
  },
  "mute-tab": {
    "name": "Mute Tab"
  },
  "search-all-tabs": {
    "name": "Search all Tabs"
  },
  "bookmarks-commander": {
    "name": "Bookmarks Commander"
  }
}
